<?xml version='1.0' encoding='utf-8'?>
<project xmlns="http://www.plcopen.org/xml/tc6_0201" xmlns:xsd="http://www.w3.org/2001/XMLSchema"
  xmlns:xhtml="http://www.w3.org/1999/xhtml" xmlns:ns1="http://www.plcopen.org/xml/tc6_0201">
  <fileHeader companyName="INSA Strasbourg" productName="AW9523B" productVersion="1.0"
    creationDateTime="2024-11-13T08:40:00" />
  <contentHeader name="AW9523B" author="Mathieu Giamberini"
    modificationDateTime="2024-10-04T15:56:57">
    <coordinateInfo>
      <fbd>
        <scaling x="0" y="0" />
      </fbd>
      <ld>
        <scaling x="0" y="0" />
      </ld>
      <sfc>
        <scaling x="0" y="0" />
      </sfc>
    </coordinateInfo>
  </contentHeader>
  <types>
    <dataTypes>
      <dataType name="AW9523B">
        <baseType>
          <struct>
            <variable name="Address">
              <type>
                <BYTE />
              </type>
              <initialValue>
                <simpleValue value="16#00" />
              </initialValue>
            </variable>
            <variable name="Init">
              <type>
                <BOOL />
              </type>
              <initialValue>
                <simpleValue value="False" />
              </initialValue>
            </variable>
            <variable name="P1">
              <type>
                <BYTE />
              </type>
              <initialValue>
                <simpleValue value="2#00000000" />
              </initialValue>
            </variable>
            <variable name="P2">
              <type>
                <BYTE />
              </type>
              <initialValue>
                <simpleValue value="2#00000000" />
              </initialValue>
            </variable>
          </struct>
        </baseType>
      </dataType>
    </dataTypes>
    <pous>
      <pou name="DI_1" pouType="functionBlock">
        <interface>
          <inputVars>
            <variable name="B_AD">
              <type>
                <BYTE />
              </type>
              <documentation>
                <xhtml:p><![CDATA[Board I2C Address]]></xhtml:p>
              </documentation>
            </variable>
            <variable name="P_AD">
              <type>
                <BYTE />
              </type>
              <documentation>
                <xhtml:p><![CDATA[Pin Address]]></xhtml:p>
              </documentation>
            </variable>
          </inputVars>
          <outputVars>
            <variable name="PIN">
              <type>
                <BOOL />
              </type>
              <documentation>
                <xhtml:p><![CDATA[Pin state]]></xhtml:p>
              </documentation>
            </variable>
          </outputVars>
        </interface>
        <body>
          <ST>
            <xhtml:p><![CDATA[]]></xhtml:p>
          </ST>
        </body>
        <documentation>
          <xhtml:p><![CDATA[Return the state of the specified pin on the specified AW9523B board]]></xhtml:p>
        </documentation>
      </pou>
      <pou name="DQ_1" pouType="functionBlock">
        <interface>
          <inputVars>
            <variable name="B_AD">
              <type>
                <BYTE />
              </type>
              <documentation>
                <xhtml:p><![CDATA[Board I2C Address]]></xhtml:p>
              </documentation>
            </variable>
            <variable name="P_AD">
              <type>
                <BYTE />
              </type>
              <documentation>
                <xhtml:p><![CDATA[Pin Address]]></xhtml:p>
              </documentation>
            </variable>
            <variable name="PIN">
              <type>
                <BOOL />
              </type>
              <documentation>
                <xhtml:p><![CDATA[Pin state]]></xhtml:p>
              </documentation>
            </variable>
          </inputVars>
          <outputVars>
          </outputVars>
        </interface>
        <body>
          <ST>
            <xhtml:p><![CDATA[]]></xhtml:p>
          </ST>
        </body>
        <documentation>
          <xhtml:p><![CDATA[Set the state of the specified pin on the specified AW9523B board]]></xhtml:p>
        </documentation>
      </pou>
      <pou name="DI_8" pouType="functionBlock">
        <interface>
          <inputVars>
            <variable name="B_AD">
              <type>
                <BYTE />
              </type>
              <documentation>
                <xhtml:p><![CDATA[Board I2C Address]]></xhtml:p>
              </documentation>
            </variable>
            <variable name="X">
              <type>
                <BOOL />
              </type>
              <documentation>
                <xhtml:p><![CDATA[Pins side]]></xhtml:p>
              </documentation>
            </variable>
          </inputVars>
          <outputVars>
            <variable name="PX_0">
              <type>
                <BOOL />
              </type>
              <documentation>
                <xhtml:p><![CDATA[Pin x_0 state]]></xhtml:p>
              </documentation>
            </variable>
            <variable name="PX_1">
              <type>
                <BOOL />
              </type>
              <documentation>
                <xhtml:p><![CDATA[Pin x_1 state]]></xhtml:p>
              </documentation>
            </variable>
            <variable name="PX_2">
              <type>
                <BOOL />
              </type>
              <documentation>
                <xhtml:p><![CDATA[Pin x_2 state]]></xhtml:p>
              </documentation>
            </variable>
            <variable name="PX_3">
              <type>
                <BOOL />
              </type>
              <documentation>
                <xhtml:p><![CDATA[Pin x_3 state]]></xhtml:p>
              </documentation>
            </variable>
            <variable name="PX_4">
              <type>
                <BOOL />
              </type>
              <documentation>
                <xhtml:p><![CDATA[Pin x_4 state]]></xhtml:p>
              </documentation>
            </variable>
            <variable name="PX_5">
              <type>
                <BOOL />
              </type>
              <documentation>
                <xhtml:p><![CDATA[Pin x_5 state]]></xhtml:p>
              </documentation>
            </variable>
            <variable name="PX_6">
              <type>
                <BOOL />
              </type>
              <documentation>
                <xhtml:p><![CDATA[Pin x_6 state]]></xhtml:p>
              </documentation>
            </variable>
            <variable name="PX_7">
              <type>
                <BOOL />
              </type>
              <documentation>
                <xhtml:p><![CDATA[Pin x_7 state]]></xhtml:p>
              </documentation>
            </variable>
          </outputVars>
        </interface>
        <body>
          <ST>
            <xhtml:p><![CDATA[]]></xhtml:p>
          </ST>
        </body>
        <documentation>
          <xhtml:p><![CDATA[Return the states of the specified pins on the specified AW9523B board]]></xhtml:p>
        </documentation>
      </pou>
      <pou name="DQ_8" pouType="functionBlock">
        <interface>
          <inputVars>
            <variable name="B_AD">
              <type>
                <BYTE />
              </type>
              <documentation>
                <xhtml:p><![CDATA[Board I2C Address]]></xhtml:p>
              </documentation>
            </variable>
            <variable name="X">
              <type>
                <BOOL />
              </type>
              <documentation>
                <xhtml:p><![CDATA[Pins side]]></xhtml:p>
              </documentation>
            </variable>
            <variable name="PX_0">
              <type>
                <BOOL />
              </type>
              <documentation>
                <xhtml:p><![CDATA[Pin x_0 state]]></xhtml:p>
              </documentation>
            </variable>
            <variable name="PX_1">
              <type>
                <BOOL />
              </type>
              <documentation>
                <xhtml:p><![CDATA[Pin x_1 state]]></xhtml:p>
              </documentation>
            </variable>
            <variable name="PX_2">
              <type>
                <BOOL />
              </type>
              <documentation>
                <xhtml:p><![CDATA[Pin x_2 state]]></xhtml:p>
              </documentation>
            </variable>
            <variable name="PX_3">
              <type>
                <BOOL />
              </type>
              <documentation>
                <xhtml:p><![CDATA[Pin x_3 state]]></xhtml:p>
              </documentation>
            </variable>
            <variable name="PX_4">
              <type>
                <BOOL />
              </type>
              <documentation>
                <xhtml:p><![CDATA[Pin x_4 state]]></xhtml:p>
              </documentation>
            </variable>
            <variable name="PX_5">
              <type>
                <BOOL />
              </type>
              <documentation>
                <xhtml:p><![CDATA[Pin x_5 state]]></xhtml:p>
              </documentation>
            </variable>
            <variable name="PX_6">
              <type>
                <BOOL />
              </type>
              <documentation>
                <xhtml:p><![CDATA[Pin x_6 state]]></xhtml:p>
              </documentation>
            </variable>
            <variable name="PX_7">
              <type>
                <BOOL />
              </type>
              <documentation>
                <xhtml:p><![CDATA[Pin x_7 state]]></xhtml:p>
              </documentation>
            </variable>
          </inputVars>
          <outputVars>
          </outputVars>
        </interface>
        <body>
          <ST>
            <xhtml:p><![CDATA[]]></xhtml:p>
          </ST>
        </body>
        <documentation>
          <xhtml:p><![CDATA[Set the states of the specified pins on the specified AW9523B board]]></xhtml:p>
        </documentation>
      </pou>
    </pous>
  </types>
  <instances>
    <configurations />
  </instances>
</project>