<?xml version='1.0' encoding='utf-8'?>
<project xmlns="http://www.plcopen.org/xml/tc6_0201" xmlns:xsd="http://www.w3.org/2001/XMLSchema"
  xmlns:xhtml="http://www.w3.org/1999/xhtml" xmlns:ns1="http://www.plcopen.org/xml/tc6_0201">
  <fileHeader companyName="INSA Strasbourg" productName="RLY08" productVersion="1.0"
    creationDateTime="2024-11-13T08:40:00" />
  <contentHeader name="RLY08" author="Mathieu Giamberini"
    modificationDateTime="2024-10-04T15:56:57">
    <coordinateInfo>
      <fbd>
        <scaling x="0" y="0" />
      </fbd>
      <ld>
        <scaling x="0" y="0" />
      </ld>
      <sfc>
        <scaling x="0" y="0" />
      </sfc>
    </coordinateInfo>
  </contentHeader>
  <types>
    <dataTypes>
      <dataType name="RLY08">
        <baseType>
          <struct>
            <variable name="CurrentAdress">
              <type>
                <BYTE />
              </type>
              <initialValue>
                <simpleValue value="16#00" />
              </initialValue>
            </variable>
            <variable name="WantAddress">
              <type>
                <BYTE />
              </type>
              <initialValue>
                <simpleValue value="16#00" />
              </initialValue>
            </variable>
          </struct>
        </baseType>
      </dataType>
    </dataTypes>
    <pous>
      <pou name="RLY_1" pouType="functionBlock">
        <interface>
          <inputVars>
            <variable name="B_AD">
              <type>
                <BYTE />
              </type>
              <documentation>
                <xhtml:p><![CDATA[Board I2C Address]]></xhtml:p>
              </documentation>
            </variable>
            <variable name="P_AD">
              <type>
                <BYTE />
              </type>
              <documentation>
                <xhtml:p><![CDATA[Pin Address]]></xhtml:p>
              </documentation>
            </variable>
            <variable name="RLY">
              <type>
                <BOOL />
              </type>
              <documentation>
                <xhtml:p><![CDATA[Pin state]]></xhtml:p>
              </documentation>
            </variable>
          </inputVars>
          <outputVars>
          </outputVars>
        </interface>
        <body>
          <ST>
            <xhtml:p><![CDATA[]]></xhtml:p>
          </ST>
        </body>
        <documentation>
          <xhtml:p><![CDATA[Set the state of the specified relay on the specifeid RLY08 board]]></xhtml:p>
        </documentation>
      </pou>
      <pou name="RLY_8" pouType="functionBlock">
        <interface>
          <inputVars>
            <variable name="B_AD">
              <type>
                <BYTE />
              </type>
              <documentation>
                <xhtml:p><![CDATA[Board I2C Address]]></xhtml:p>
              </documentation>
            </variable>
            <variable name="RLY1">
              <type>
                <BOOL />
              </type>
              <documentation>
                <xhtml:p><![CDATA[Pin state]]></xhtml:p>
              </documentation>
            </variable>
            <variable name="RLY2">
              <type>
                <BOOL />
              </type>
              <documentation>
                <xhtml:p><![CDATA[Pin x_0 state]]></xhtml:p>
              </documentation>
            </variable>
            <variable name="RLY3">
              <type>
                <BOOL />
              </type>
              <documentation>
                <xhtml:p><![CDATA[Pin x_1 state]]></xhtml:p>
              </documentation>
            </variable>
            <variable name="RLY4">
              <type>
                <BOOL />
              </type>
              <documentation>
                <xhtml:p><![CDATA[Pin x_2 state]]></xhtml:p>
              </documentation>
            </variable>
            <variable name="RLY5">
              <type>
                <BOOL />
              </type>
              <documentation>
                <xhtml:p><![CDATA[Pin x_3 state]]></xhtml:p>
              </documentation>
            </variable>
            <variable name="RLY6">
              <type>
                <BOOL />
              </type>
              <documentation>
                <xhtml:p><![CDATA[Pin x_4 state]]></xhtml:p>
              </documentation>
            </variable>
            <variable name="RLY7">
              <type>
                <BOOL />
              </type>
              <documentation>
                <xhtml:p><![CDATA[Pin x_5 state]]></xhtml:p>
              </documentation>
            </variable>
            <variable name="RLY8">
              <type>
                <BOOL />
              </type>
              <documentation>
                <xhtml:p><![CDATA[Pin x_6 state]]></xhtml:p>
              </documentation>
            </variable>
          </inputVars>
          <outputVars>
          </outputVars>
        </interface>
        <body>
          <ST>
            <xhtml:p><![CDATA[]]></xhtml:p>
          </ST>
        </body>
        <documentation>
          <xhtml:p><![CDATA[Set the states relays on the specified RLY08 board]]></xhtml:p>
        </documentation>
      </pou>
      <pou name="SET_ADDR" pouType="functionBlock">
        <interface>
          <inputVars>
            <variable name="CONFIG">
              <type>
                <BYTE />
              </type>
              <documentation>
                <xhtml:p><![CDATA[Board Config]]></xhtml:p>
              </documentation>
            </variable>
          </inputVars>
          <outputVars>
            <variable name="CONFIG">
              <type>
                <BYTE />
              </type>
              <documentation>
                <xhtml:p><![CDATA[Board Config]]></xhtml:p>
              </documentation>
            </variable>
          </outputVars>
        </interface>
        <body>
          <ST>
            <xhtml:p><![CDATA[]]></xhtml:p>
          </ST>
        </body>
        <documentation>
          <xhtml:p><![CDATA[Set the board address to the wanted one and update the config]]></xhtml:p>
        </documentation>
      </pou>
    </pous>
  </types>
  <instances>
    <configurations />
  </instances>
</project>